Pump-01,Mechanical Maintenance
Pump-02,Mechanical Maintenance
Pump-03,Mechanical Maintenance
Pump-04,Mechanical Maintenance
Pump-05,Mechanical Maintenance
Pump-06,Mechanical Maintenance
Pump-07,Mechanical Maintenance
Pump-08,Mechanical Maintenance
Pump-09,Mechanical Maintenance
Pump-10,Mechanical Maintenance
Pump-11,Mechanical Maintenance
Pump-12,Mechanical Maintenance
Pump-13,Mechanical Maintenance
Pump-14,Mechanical Maintenance
Pump-15,Mechanical Maintenance
Pump-16,Mechanical Maintenance
Pump-17,Mechanical Maintenance
Pump-18,Mechanical Maintenance
Pump-19,Mechanical Maintenance
Pump-20,Mechanical Maintenance
Tank-01,Mechanical Maintenance
Tank-02,Mechanical Maintenance
Tank-03,Mechanical Maintenance
Tank-04,Mechanical Maintenance
Tank-05,Mechanical Maintenance
Tank-06,Mechanical Maintenance
Tank-07,Mechanical Maintenance
Tank-08,Mechanical Maintenance
Tank-09,Mechanical Maintenance
Tank-10,Mechanical Maintenance
Blower-01,Mechanical Maintenance
Blower-02,Mechanical Maintenance
Blower-03,Mechanical Maintenance
Blower-04,Mechanical Maintenance
Blower-05,Mechanical Maintenance
Blower-06,Mechanical Maintenance
Blower-07,Mechanical Maintenance
Blower-08,Mechanical Maintenance
Blower-09,Mechanical Maintenance
Blower-10,Mechanical Maintenance
Blower-11,Mechanical Maintenance
Blower-12,Mechanical Maintenance
Blower-13,Mechanical Maintenance
Blower-14,Mechanical Maintenance
Blower-15,Mechanical Maintenance
Blower-16,Mechanical Maintenance
Blower-17,Mechanical Maintenance
Blower-18,Mechanical Maintenance
Blower-19,Mechanical Maintenance
Blower-20,Mechanical Maintenance
Compressor-01,Mechanical Maintenance
Compressor-02,Mechanical Maintenance
Compressor-03,Mechanical Maintenance
Compressor-04,Mechanical Maintenance
Compressor-05,Mechanical Maintenance
Compressor-06,Mechanical Maintenance
Compressor-07,Mechanical Maintenance
Compressor-08,Mechanical Maintenance
Compressor-09,Mechanical Maintenance
Compressor-10,Mechanical Maintenance
Motor-01,Electric Maintenance
Motor-02,Electric Maintenance
Motor-03,Electric Maintenance
Motor-04,Electric Maintenance
Motor-05,Electric Maintenance
Motor-06,Electric Maintenance
Motor-07,Electric Maintenance
Motor-08,Electric Maintenance
Motor-09,Electric Maintenance
Motor-10,Electric Maintenance
Transformer-01,Electric Maintenance
Transformer-02,Electric Maintenance
Transformer-03,Electric Maintenance
Transformer-04,Electric Maintenance
Transformer-05,Electric Maintenance
Transformer-06,Electric Maintenance
Transformer-07,Electric Maintenance
Transformer-08,Electric Maintenance
Transformer-09,Electric Maintenance
Transformer-10,Electric Maintenance
Pressure-sensor-01,Electronics Maintenance
Pressure-sensor-02,Electronics Maintenance
Pressure-sensor-03,Electronics Maintenance
Pressure-sensor-04,Electronics Maintenance
Pressure-sensor-05,Electronics Maintenance
Pressure-sensor-06,Electronics Maintenance
Pressure-sensor-07,Electronics Maintenance
Pressure-sensor-08,Electronics Maintenance
Pressure-sensor-09,Electronics Maintenance
Pressure-sensor-10,Electronics Maintenance
temprature-sensor-01,Electronics Maintenance
temprature-sensor-02,Electronics Maintenance
temprature-sensor-03,Electronics Maintenance
temprature-sensor-04,Electronics Maintenance
temprature-sensor-05,Electronics Maintenance
temprature-sensor-06,Electronics Maintenance
temprature-sensor-07,Electronics Maintenance
temprature-sensor-08,Electronics Maintenance
temprature-sensor-09,Electronics Maintenance
temprature-sensor-10,Electronics Maintenance
Control-valve-01,Electronics Maintenance
Control-valve-02,Electronics Maintenance
Control-valve-03,Electronics Maintenance
Control-valve-04,Electronics Maintenance
Control-valve-05,Electronics Maintenance
Control-valve-06,Electronics Maintenance
Control-valve-07,Electronics Maintenance
Control-valve-08,Electronics Maintenance
Control-valve-09,Electronics Maintenance
Control-valve-10,Electronics Maintenance
